name,email,phone,main_link,plus_one_link_1,plus_one_link_2,plus_one_link_3,plus_one_link_4,plus_one_link_5
Alyssa Turner,lucasheather@yahoo.com,325.155.2801,http://127.0.0.1:8090/?id=b6x8bil6ilya3cf&type=primary_invitation,http://127.0.0.1:8090/?id=ijp6kkw2g2dvknk&type=secondary_invitation,http://127.0.0.1:8090/?id=xxwhsugg9g3uzuo&type=secondary_invitation,,,
Ian Davies,zgeorge@williams.com,173-461-7347x0255,http://127.0.0.1:8090/?id=6suuzpux4swxcrx&type=primary_invitation,http://127.0.0.1:8090/?id=re8jtvs5vc5o3xp&type=secondary_invitation,,,,
Isaiah Ellis,webbjenna@johnson.net,553.129.0706x066,http://127.0.0.1:8090/?id=vlr7siap3fptyqh&type=primary_invitation,http://127.0.0.1:8090/?id=ptwxxcpqrtj7ypn&type=secondary_invitation,,,,
Scott Mcconnell,ygutierrez@hotmail.com,(801)079-1670x2183,http://127.0.0.1:8090/?id=4zwpw1ru9ncrqks&type=primary_invitation,http://127.0.0.1:8090/?id=qkcxgnmq50sg8wo&type=secondary_invitation,,,,
Lawrence Poole,samanthamartin@gmail.com,5537844992,http://127.0.0.1:8090/?id=1m5hd0vpvt8yx64&type=primary_invitation,,,,,
Sara Sutton,camerongregory@gmail.com,(886)894-6275x0018,http://127.0.0.1:8090/?id=jmquuucwbuxsitu&type=primary_invitation,http://127.0.0.1:8090/?id=zv02iygitui855x&type=secondary_invitation,http://127.0.0.1:8090/?id=hgej26jot6do1j0&type=secondary_invitation,http://127.0.0.1:8090/?id=ozevr6mw5mc6rvt&type=secondary_invitation,http://127.0.0.1:8090/?id=ll8ivo1ujpuk7bo&type=secondary_invitation,
Alison Marquez,atkinsjames@lyons.info,9161576095,http://127.0.0.1:8090/?id=hk0do8217csy8kr&type=primary_invitation,http://127.0.0.1:8090/?id=498lsraobibi2fd&type=secondary_invitation,http://127.0.0.1:8090/?id=ic4bew09biqe84z&type=secondary_invitation,http://127.0.0.1:8090/?id=f82n8bm5d8bct6j&type=secondary_invitation,http://127.0.0.1:8090/?id=b8rsjds0scxbtjn&type=secondary_invitation,http://127.0.0.1:8090/?id=a0e9t02fazeisdn&type=secondary_invitation
Bob Peters,williamsthomas@yahoo.com,495-937-4534,http://127.0.0.1:8090/?id=1agt9ygla53t0vo&type=primary_invitation,http://127.0.0.1:8090/?id=1dewhlliyourrai&type=secondary_invitation,http://127.0.0.1:8090/?id=5oqa5ki1ynjkujl&type=secondary_invitation,,,
Cindy Lee,garciabradley@smith-romero.org,(502)653-6974x397,http://127.0.0.1:8090/?id=53odlamla69sn31&type=primary_invitation,http://127.0.0.1:8090/?id=cu8a1rijrr8pgz5&type=secondary_invitation,http://127.0.0.1:8090/?id=li2jncy1m4wc045&type=secondary_invitation,http://127.0.0.1:8090/?id=i83ttpjb9t07o2j&type=secondary_invitation,,
Andrea Dodson,markstout@yahoo.com,+1-206-879-2296x6654,http://127.0.0.1:8090/?id=wryu9n7yj3dyizf&type=primary_invitation,,,,,
Tonya Rodriguez,johnwalker@poole.com,(408)940-3565,http://127.0.0.1:8090/?id=9e0bmm1js5j9ozx&type=primary_invitation,,,,,
Nathan Scott,tiffanyhughes@martinez.com,996-921-1045x1098,http://127.0.0.1:8090/?id=jnqvj4zv3w3vn1d&type=primary_invitation,http://127.0.0.1:8090/?id=rnl61brhmv987f7&type=secondary_invitation,http://127.0.0.1:8090/?id=z5f8j2nmstj9b0a&type=secondary_invitation,http://127.0.0.1:8090/?id=jaxmbau7n5zfmza&type=secondary_invitation,http://127.0.0.1:8090/?id=a3bqf905d3qp157&type=secondary_invitation,http://127.0.0.1:8090/?id=3wlch13g1f9zqgh&type=secondary_invitation
Jamie Oconnell,michael92@hotmail.com,(990)037-7716x046,http://127.0.0.1:8090/?id=vdmj8o9l88ubo2c&type=primary_invitation,http://127.0.0.1:8090/?id=scdupko4s3ns5o3&type=secondary_invitation,,,,
Stefanie Duran,gibsonnancy@hotmail.com,455-404-8266x190,http://127.0.0.1:8090/?id=m3ybma548ekz39w&type=primary_invitation,http://127.0.0.1:8090/?id=8t1nb78j6v56f85&type=secondary_invitation,,,,
James Morgan,ashley20@vazquez-campbell.com,(796)783-1969x0936,http://127.0.0.1:8090/?id=dk2yp15ovf4v6yh&type=primary_invitation,,,,,
Mary Werner,millerdiamond@gmail.com,001-545-536-8096,http://127.0.0.1:8090/?id=nnv8yg36hxvhp6m&type=primary_invitation,,,,,
Billy Smith,amanda11@gmail.com,(447)505-9844x22083,http://127.0.0.1:8090/?id=6rvjebyx2u29l45&type=primary_invitation,http://127.0.0.1:8090/?id=gyem4p56shtzx4i&type=secondary_invitation,http://127.0.0.1:8090/?id=h8yzoug0vl15wjy&type=secondary_invitation,http://127.0.0.1:8090/?id=nnmfnmn57n2tdva&type=secondary_invitation,http://127.0.0.1:8090/?id=cxhc1hjxfr4x6wo&type=secondary_invitation,http://127.0.0.1:8090/?id=ow2vvzd9wpt6nmi&type=secondary_invitation
Zachary Lopez,morriskelly@hotmail.com,890-881-7351x047,http://127.0.0.1:8090/?id=fn4u7ohs9lggn38&type=primary_invitation,http://127.0.0.1:8090/?id=jpsoebxyu8jo7uo&type=secondary_invitation,http://127.0.0.1:8090/?id=wuc20fevx2m1z11&type=secondary_invitation,http://127.0.0.1:8090/?id=07n1ybk9tdfzqrb&type=secondary_invitation,http://127.0.0.1:8090/?id=srqbffx5nyb395f&type=secondary_invitation,
Kelsey Adams,huntbryan@wilson-brooks.net,001-400-459-5216x802,http://127.0.0.1:8090/?id=0u3466kx1ehfenp&type=primary_invitation,http://127.0.0.1:8090/?id=z8gf5rdsguv3v8j&type=secondary_invitation,http://127.0.0.1:8090/?id=r71xtuhrsqlgjv4&type=secondary_invitation,http://127.0.0.1:8090/?id=su531mjdusqvlrc&type=secondary_invitation,http://127.0.0.1:8090/?id=ddjzg1qt91djtqf&type=secondary_invitation,http://127.0.0.1:8090/?id=maedkogqzh6e6gg&type=secondary_invitation
Abigail Mercado,djackson@brown.com,+1-192-333-9018,http://127.0.0.1:8090/?id=ry0m7acd7nssu5u&type=primary_invitation,http://127.0.0.1:8090/?id=n84wl6o6r2sf12o&type=secondary_invitation,http://127.0.0.1:8090/?id=z447zpymnq2nyge&type=secondary_invitation,http://127.0.0.1:8090/?id=ze8vol4f8bupqst&type=secondary_invitation,,
Lisa Clark,ralph72@fuentes.com,683.080.1089x900,http://127.0.0.1:8090/?id=9fmpy2o4vpi5mkt&type=primary_invitation,http://127.0.0.1:8090/?id=o738cppp3wmrzgk&type=secondary_invitation,http://127.0.0.1:8090/?id=fh2qnjk20qad7xz&type=secondary_invitation,http://127.0.0.1:8090/?id=8kghj5hg8jtyois&type=secondary_invitation,http://127.0.0.1:8090/?id=adfmsiml2cmtbf1&type=secondary_invitation,http://127.0.0.1:8090/?id=p88nuj7b8yqtuza&type=secondary_invitation
Joshua Williams,lmartinez@johnson.com,(651)812-8705x33787,http://127.0.0.1:8090/?id=dk4gdoevg4ya81i&type=primary_invitation,http://127.0.0.1:8090/?id=nnkcyztu2ylp6f0&type=secondary_invitation,http://127.0.0.1:8090/?id=ao835f9b85apkty&type=secondary_invitation,http://127.0.0.1:8090/?id=a0d0ujsjq6hvk1m&type=secondary_invitation,http://127.0.0.1:8090/?id=r08wuttvdyuu5qv&type=secondary_invitation,
Amanda Davis,danielhardy@thompson.com,001-753-082-3583x7643,http://127.0.0.1:8090/?id=usqtihg2jjoka19&type=primary_invitation,http://127.0.0.1:8090/?id=ds7xql8yhev9uej&type=secondary_invitation,http://127.0.0.1:8090/?id=1lf1vybqfmyvgtz&type=secondary_invitation,,,
Connor Meyer,matthew36@hotmail.com,(213)988-1779x148,http://127.0.0.1:8090/?id=ef71ze2pztn1rpa&type=primary_invitation,http://127.0.0.1:8090/?id=2tdj7m5398hl6rf&type=secondary_invitation,http://127.0.0.1:8090/?id=6ng7xh66h7ndzm2&type=secondary_invitation,http://127.0.0.1:8090/?id=y3vmxah0kzso6sf&type=secondary_invitation,http://127.0.0.1:8090/?id=189ww5zh6e7wod3&type=secondary_invitation,
Todd Flores,elizabethcombs@reyes-davidson.info,+1-971-360-8139,http://127.0.0.1:8090/?id=i3p7nxtsyukavs5&type=primary_invitation,http://127.0.0.1:8090/?id=yyo3dvfg8qzop4e&type=secondary_invitation,,,,
Dana Reed,lawsonjackie@wallace-wang.com,688-002-9502x844,http://127.0.0.1:8090/?id=0lqmd9vo9z437vz&type=primary_invitation,http://127.0.0.1:8090/?id=fz5w1n8yl3v0i5u&type=secondary_invitation,,,,
Marcus Randolph,russoshannon@gmail.com,939-618-6735x1045,http://127.0.0.1:8090/?id=t92qkvh7v1rjfo1&type=primary_invitation,http://127.0.0.1:8090/?id=bx3qr8zbv8u5d9m&type=secondary_invitation,http://127.0.0.1:8090/?id=bcveevizhcqt520&type=secondary_invitation,http://127.0.0.1:8090/?id=s1uf5i6d02k08ek&type=secondary_invitation,http://127.0.0.1:8090/?id=yny9jfclpi8osdr&type=secondary_invitation,http://127.0.0.1:8090/?id=vpl4x9awt78qcz4&type=secondary_invitation
Eric Robinson,daniel99@pierce.com,001-608-278-4505,http://127.0.0.1:8090/?id=ksde5a00y7zcdrh&type=primary_invitation,http://127.0.0.1:8090/?id=qng6dlcrbdnk3a7&type=secondary_invitation,http://127.0.0.1:8090/?id=doece8neeankxe7&type=secondary_invitation,http://127.0.0.1:8090/?id=rfb4qh4of9jgryw&type=secondary_invitation,http://127.0.0.1:8090/?id=yk7xk7p26oyrn4v&type=secondary_invitation,
Joseph Russo,qking@yahoo.com,257.294.7925x9443,http://127.0.0.1:8090/?id=x9yt6978ucnzqjv&type=primary_invitation,http://127.0.0.1:8090/?id=p024k6uggmulzk5&type=secondary_invitation,http://127.0.0.1:8090/?id=dqz8il0iad6183p&type=secondary_invitation,http://127.0.0.1:8090/?id=psiq5flr6dzekj4&type=secondary_invitation,,
Wanda Medina,cassandrablack@hotmail.com,001-718-327-6636,http://127.0.0.1:8090/?id=74ce9b2j2kmvixe&type=primary_invitation,http://127.0.0.1:8090/?id=2e1xsudt5lsntl4&type=secondary_invitation,http://127.0.0.1:8090/?id=2zk2d6dua1k52kn&type=secondary_invitation,http://127.0.0.1:8090/?id=tmdcrf2t8mycxcs&type=secondary_invitation,http://127.0.0.1:8090/?id=6va88k77rhspge3&type=secondary_invitation,
Amanda Butler,robertferguson@wilson.com,902.981.2059x071,http://127.0.0.1:8090/?id=6l14e3m0yccbujl&type=primary_invitation,http://127.0.0.1:8090/?id=qxc2ibsupgo7fwy&type=secondary_invitation,http://127.0.0.1:8090/?id=w214hvj7o8z8hf7&type=secondary_invitation,,,
Christopher Dalton,nicole24@hotmail.com,(329)296-2512,http://127.0.0.1:8090/?id=1rnph910050z6ls&type=primary_invitation,http://127.0.0.1:8090/?id=ny8aj0uui09vwqs&type=secondary_invitation,http://127.0.0.1:8090/?id=nm4wjoo8txqef4l&type=secondary_invitation,http://127.0.0.1:8090/?id=7n38byu3budkezp&type=secondary_invitation,,
Adrian Howard,martinsean@hotmail.com,2309688195,http://127.0.0.1:8090/?id=yabour9mtm4mgln&type=primary_invitation,http://127.0.0.1:8090/?id=us73sphaxao2k75&type=secondary_invitation,http://127.0.0.1:8090/?id=o0nh47ghx3aqcvg&type=secondary_invitation,http://127.0.0.1:8090/?id=m4enxstwa2v5vti&type=secondary_invitation,,
Nichole Ingram,mark09@thompson.org,224-552-9136x8219,http://127.0.0.1:8090/?id=fbddmcaivjrm8bu&type=primary_invitation,http://127.0.0.1:8090/?id=smtlja6x5k17gs7&type=secondary_invitation,http://127.0.0.1:8090/?id=4kx786605c1xqil&type=secondary_invitation,http://127.0.0.1:8090/?id=5658ond6pu6j65y&type=secondary_invitation,http://127.0.0.1:8090/?id=ouea2p32cejf1wi&type=secondary_invitation,http://127.0.0.1:8090/?id=tpnj8d02pomlq1j&type=secondary_invitation
Emily Herrera,barbaralewis@yahoo.com,(831)209-2608,http://127.0.0.1:8090/?id=k7w2r7xg250c7f7&type=primary_invitation,http://127.0.0.1:8090/?id=15eft2tx7fxls6d&type=secondary_invitation,http://127.0.0.1:8090/?id=ze2ro2xdvy1u2ly&type=secondary_invitation,http://127.0.0.1:8090/?id=h7wgr33cpk03eb8&type=secondary_invitation,http://127.0.0.1:8090/?id=onbb5goljq0kyl3&type=secondary_invitation,http://127.0.0.1:8090/?id=y5q5d8eduobspf0&type=secondary_invitation
Carla Parker,iterry@thomas.net,001-824-029-9525,http://127.0.0.1:8090/?id=nrzso3qhxtjvt6x&type=primary_invitation,http://127.0.0.1:8090/?id=3ggmcedb9tc9tfw&type=secondary_invitation,http://127.0.0.1:8090/?id=z8wgekvosqn7xfz&type=secondary_invitation,http://127.0.0.1:8090/?id=gtgft67u0x2nho7&type=secondary_invitation,http://127.0.0.1:8090/?id=vmtofrrqxhiof1k&type=secondary_invitation,http://127.0.0.1:8090/?id=pfr11q9uyy6c9as&type=secondary_invitation
Mrs. Alison Kelly MD,kelseycisneros@hotmail.com,001-080-338-7864x515,http://127.0.0.1:8090/?id=l4p0r5savnv3eep&type=primary_invitation,http://127.0.0.1:8090/?id=qlxz7a6i0gd3p0e&type=secondary_invitation,http://127.0.0.1:8090/?id=u8hrbxq5kik92ii&type=secondary_invitation,,,
Crystal Thomas,oterrell@hotmail.com,001-098-103-0209,http://127.0.0.1:8090/?id=nt7nbymb9rwjddw&type=primary_invitation,,,,,
Michael Miller,lstephenson@hotmail.com,001-083-587-2036,http://127.0.0.1:8090/?id=pw9bawtsr8vefgf&type=primary_invitation,http://127.0.0.1:8090/?id=ekcak2upcgrtr2y&type=secondary_invitation,http://127.0.0.1:8090/?id=zi1r4a86nwggnin&type=secondary_invitation,,,
Eric Lee,jose72@hotmail.com,700.753.5733,http://127.0.0.1:8090/?id=ofjrnjsgjaa8p7m&type=primary_invitation,http://127.0.0.1:8090/?id=hxcxsl9pnseq4nm&type=secondary_invitation,http://127.0.0.1:8090/?id=2af4y9zmxxh51mo&type=secondary_invitation,http://127.0.0.1:8090/?id=n1oq07tjwodvx2b&type=secondary_invitation,http://127.0.0.1:8090/?id=3tvouzaccmj8xvz&type=secondary_invitation,
Thomas Woods,jason68@rogers.info,(997)148-0679x3848,http://127.0.0.1:8090/?id=6nhutxoenxhzh5p&type=primary_invitation,,,,,
Eddie Rivera,tinalong@hotmail.com,188.339.2653,http://127.0.0.1:8090/?id=per8kkc0gyt3g2q&type=primary_invitation,http://127.0.0.1:8090/?id=vxtiqol9il4wme1&type=secondary_invitation,http://127.0.0.1:8090/?id=2rohsw2v4lz5m9t&type=secondary_invitation,http://127.0.0.1:8090/?id=z92sosp31y5217m&type=secondary_invitation,,
Megan Brown,greensean@jackson.com,5393240269,http://127.0.0.1:8090/?id=4ho16l4eqeh1uhj&type=primary_invitation,http://127.0.0.1:8090/?id=tax8dqsrf409ihm&type=secondary_invitation,http://127.0.0.1:8090/?id=ddmsfhi78sp60lg&type=secondary_invitation,http://127.0.0.1:8090/?id=ncth5xjzcaal5w2&type=secondary_invitation,http://127.0.0.1:8090/?id=i48tj4znl5a2bbx&type=secondary_invitation,
Steven Garner,sallen@yahoo.com,873.435.8501x789,http://127.0.0.1:8090/?id=2so3012beydtwag&type=primary_invitation,http://127.0.0.1:8090/?id=g8z8lna3xtwrmjf&type=secondary_invitation,http://127.0.0.1:8090/?id=o2gre7mzlsd5p8h&type=secondary_invitation,http://127.0.0.1:8090/?id=geiink4489382l0&type=secondary_invitation,http://127.0.0.1:8090/?id=18t1l8b09njb81v&type=secondary_invitation,http://127.0.0.1:8090/?id=7w5esxdc2np17b0&type=secondary_invitation
Ronald Wong,riggsarthur@green-james.biz,+1-370-554-6913,http://127.0.0.1:8090/?id=q4lfh9f8wzx24oi&type=primary_invitation,http://127.0.0.1:8090/?id=88aeqv1d7rwm4k7&type=secondary_invitation,http://127.0.0.1:8090/?id=2rn5wqkmyu4ysha&type=secondary_invitation,,,
Ashley Garcia,tatebruce@torres.com,001-197-660-6055x236,http://127.0.0.1:8090/?id=qflqj9bb3wx5t1s&type=primary_invitation,http://127.0.0.1:8090/?id=nchtfb4gc25je6o&type=secondary_invitation,,,,
Marvin Gill,bailey35@yahoo.com,(251)528-3268x596,http://127.0.0.1:8090/?id=623a28plw1ikqy8&type=primary_invitation,http://127.0.0.1:8090/?id=tme5yd00ip0ncqr&type=secondary_invitation,,,,
Cory Sparks,jerry32@hotmail.com,939.835.3796x86643,http://127.0.0.1:8090/?id=q1y4dzmf1aud74k&type=primary_invitation,,,,,
Jacob King,james55@taylor-garza.info,+1-596-931-1685x34237,http://127.0.0.1:8090/?id=ujoii1bb16gl0zp&type=primary_invitation,http://127.0.0.1:8090/?id=e6ipkk0oankvl4k&type=secondary_invitation,http://127.0.0.1:8090/?id=izfqzikc7m5do54&type=secondary_invitation,http://127.0.0.1:8090/?id=clqrkrpi0y4m0uu&type=secondary_invitation,http://127.0.0.1:8090/?id=6tv0l7xfw0anicz&type=secondary_invitation,http://127.0.0.1:8090/?id=09apa4gp2s8vya7&type=secondary_invitation
Joshua Hess,boydaudrey@powell.com,241-589-1201x7823,http://127.0.0.1:8090/?id=wv5hm3r0bnyu5bq&type=primary_invitation,http://127.0.0.1:8090/?id=90cf0msv6kka5b0&type=secondary_invitation,http://127.0.0.1:8090/?id=7xjesnb2wn3yht3&type=secondary_invitation,,,
Katie Smith,donna50@yahoo.com,728-040-6786x99496,http://127.0.0.1:8090/?id=k8kjfbq4pajvhex&type=primary_invitation,,,,,
Paul Schmidt,brownjean@anderson-hart.com,6339265677,http://127.0.0.1:8090/?id=cs1ej77lwkia51m&type=primary_invitation,http://127.0.0.1:8090/?id=5zg40iuer2sghhb&type=secondary_invitation,http://127.0.0.1:8090/?id=ejak0h85nxkb58i&type=secondary_invitation,http://127.0.0.1:8090/?id=fj7g866woo7frqd&type=secondary_invitation,http://127.0.0.1:8090/?id=ydql4tg6hly0g82&type=secondary_invitation,http://127.0.0.1:8090/?id=ojiep2adjkau6fb&type=secondary_invitation
Kelly Melendez,carlos66@mills.com,879-966-5371,http://127.0.0.1:8090/?id=n1uwj0fiemhpo0a&type=primary_invitation,http://127.0.0.1:8090/?id=vllb07k5zhzzzua&type=secondary_invitation,,,,
Kevin Lane,gdavila@krueger-wheeler.com,265.349.9675,http://127.0.0.1:8090/?id=8zdd8nqxbrzlr88&type=primary_invitation,http://127.0.0.1:8090/?id=s4yn3mn8mgfake4&type=secondary_invitation,http://127.0.0.1:8090/?id=88kbmeb7slumm3l&type=secondary_invitation,,,
Jodi Davis,amandahess@hayes-randall.biz,970.604.0798,http://127.0.0.1:8090/?id=oa4mo7vb5lu252a&type=primary_invitation,http://127.0.0.1:8090/?id=qwvg7yspgwyirjf&type=secondary_invitation,,,,
Mark Barton,johnsondaniel@rush-pena.net,936.992.1669x8631,http://127.0.0.1:8090/?id=02avlpi3tklgzlj&type=primary_invitation,http://127.0.0.1:8090/?id=pxvq8l49l2eme95&type=secondary_invitation,http://127.0.0.1:8090/?id=3gj47lgvjt1o16u&type=secondary_invitation,,,
Angelica Sparks,perezsusan@yahoo.com,2569228988,http://127.0.0.1:8090/?id=thrnpfgoypriyoq&type=primary_invitation,http://127.0.0.1:8090/?id=qbwvz75zbmqyjjg&type=secondary_invitation,http://127.0.0.1:8090/?id=p6ezf20xx7hk8s7&type=secondary_invitation,http://127.0.0.1:8090/?id=gzkt4pohe8ms1tq&type=secondary_invitation,,
Chelsea Holder,smoran@farley.com,718.240.7574,http://127.0.0.1:8090/?id=ac46a0scfb3aebw&type=primary_invitation,,,,,
Matthew Wheeler,sotocharles@yahoo.com,001-166-648-6760x61805,http://127.0.0.1:8090/?id=fajzwbmjhntnd8s&type=primary_invitation,,,,,
Roger Moran,brittany13@yahoo.com,+1-155-682-4424x2055,http://127.0.0.1:8090/?id=gtjx4oo9rnzksxo&type=primary_invitation,http://127.0.0.1:8090/?id=3rz490hyyjoagn5&type=secondary_invitation,,,,
